{"cameraMode":{"drawMode":0,"name":"Shaded","section":"Shading Mode"},"sceneLighting":true,"audioPlay":false,"sceneViewState":{"m_AlwaysRefresh":false,"showFog":true,"showSkybox":true,"showFlares":true,"showImageEffects":true,"showParticleSystems":true,"showVisualEffectGraphs":true,"m_FxEnabled":true},"in2DMode":false,"pivot":{"x":19.362350463867189,"y":0.8266427516937256,"z":2.297847032546997},"rotation":{"x":0.010344277136027813,"y":-0.9896223545074463,"z":0.10460882633924484,"w":0.09835357964038849},"size":1.5347670316696168,"orthographic":false}