{"cameraMode":{"drawMode":0,"name":"Shaded","section":"Shading Mode"},"sceneLighting":true,"audioPlay":false,"sceneViewState":{"m_AlwaysRefresh":false,"showFog":true,"showSkybox":true,"showFlares":true,"showImageEffects":true,"showParticleSystems":true,"showVisualEffectGraphs":true,"m_FxEnabled":true},"in2DMode":false,"pivot":{"x":22.307010650634767,"y":2.578895092010498,"z":2.783200740814209},"rotation":{"x":-0.01827380247414112,"y":-0.6377265453338623,"z":-0.015074720606207848,"w":0.7699489593505859},"size":1.5347670316696168,"orthographic":false}