{"cameraMode":{"drawMode":0,"name":"Shaded","section":"Shading Mode"},"sceneLighting":true,"audioPlay":false,"sceneViewState":{"m_AlwaysRefresh":false,"showFog":true,"showSkybox":true,"showFlares":true,"showImageEffects":true,"showParticleSystems":true,"showVisualEffectGraphs":true,"m_FxEnabled":true},"in2DMode":false,"pivot":{"x":0.2673015594482422,"y":0.32946819067001345,"z":-0.3861599564552307},"rotation":{"x":-0.15769504010677339,"y":-0.6861521601676941,"z":0.1561816781759262,"w":-0.6927829384803772},"size":0.8660253882408142,"orthographic":false}