{"cameraMode":{"drawMode":0,"name":"Shaded","section":"Shading Mode"},"sceneLighting":true,"audioPlay":false,"sceneViewState":{"m_AlwaysRefresh":false,"showFog":true,"showSkybox":true,"showFlares":true,"showImageEffects":true,"showParticleSystems":true,"showVisualEffectGraphs":true,"m_FxEnabled":true},"in2DMode":false,"pivot":{"x":20.564189910888673,"y":1.5467612743377686,"z":7.811545372009277},"rotation":{"x":-0.03410643711686134,"y":-0.8303331732749939,"z":-0.050761088728904727,"w":0.5539770126342773},"size":0.4056133031845093,"orthographic":false}